id,Client_Name,Domain,Work_Location,Offered_CTC,Hike_perce_given,Per_Month_Client_Billing,Annual_Client_Billing,Gross_Margin,Gross_Margin_perce,Project_end_date,salary_commense_date,Initial_Reporting,source,delivery_memeber,business_unit,date_of_request,Project_start_date
1,small day,machine learning,Bangalore,6000000,30.0,50000,6000000.0,50,40.33,2020-09-08,2020-08-07,client,acaad,asasaa,unt,2020-09-08,2020-08-12
2,small day,machine learning,Bangalore,6000000,30.0,50000,6000000.0,50,40.33,2020-09-08,2020-08-07,client,acaad,asasaa,unt,2020-09-08,2020-08-12
3,small day,machine learning,Bangalore,6000000,30.0,50000,6000000.0,50,40.33,2020-09-08,2020-08-07,client,acaad,asasaa,unt,2020-09-08,2020-08-12
4,small day,machine learning,Bangalore,6000000,30.0,50000,6000000.0,50,40.33,2020-09-08,2020-08-07,client,acaad,asasaa,unt,2020-09-08,2020-08-12
5,small day,machine learning,Bangalore,6000000,30.0,50000,6000000.0,50,40.33,2020-09-08,2020-08-07,client,acaad,asasaa,unt,2020-09-08,2020-08-12
6,small day,machine learning,Bangalore,6000000,30.0,50000,6000000.0,50,40.33,2020-09-08,2020-08-07,client,acaad,asasaa,unt,2020-09-08,2020-08-12
7,small day,machine learning,Bangalore,6000000,30.0,50000,6000000.0,50,40.33,2020-09-08,2020-08-07,client,acaad,asasaa,unt,2020-09-08,2020-08-12
8,small day,machine learning,Bangalore,6000000,30.0,50000,6000000.0,50,40.33,2020-09-08,2020-08-07,client,acaad,asasaa,unt,2020-09-08,2020-08-12
9,small day,machine learning,Bangalore,6000000,30.0,50000,6000000.0,50,40.33,2020-09-08,2020-08-07,client,acaad,asasaa,unt,2020-09-08,2020-08-12
